{
  "signal name": "UNIT_NOISE_DISTRIBUTION",
  "t1": 0.0,
  "freq": 10.0,
  "real": true,
  "size": 10,
  "x_values": [
    0.0,
    0.1111111111111111,
    0.2222222222222222,
    0.3333333333333333,
    0.4444444444444444,
    0.5555555555555556,
    0.6666666666666666,
    0.7777777777777777,
    0.8888888888888888,
    1.0
  ],
  "y_values": [
    0.040058413828964134,
    -1.4568523201302885,
    4.844183520123863,
    -0.6323710003944063,
    4.284798435337713,
    -0.5298446874128864,
    3.8656015026308896,
    4.468222640464788,
    2.3746228039645976,
    2.232992731324366
  ],
  "A": 5.0,
  "d": 1.0,
  "T": 1.0,
  "kw": 1.0,
  "jump_time": 1.0,
  "possibility": 1.0
}